TARGET,SMILES_Valid,MW,LogP,TPSA,HBA,HBD,RotBonds,NumAromRings,FractionCSP3,NumRings,HeavyAtomCount,CarbonCount,AliphaticCarbonCount,NumOH,NumCarbonyls,NumCarboxyls,NumEthers,NumSulfurs,NumAmines,LabuteASA,NumChargedAtoms,MolMR,LongestAliphaticChain,PolarRatio,Chi0v,Chi1v,Index
0.336459734,True,241.1314081,0.9576,72.47,4,1,7,0,0.75,1,17,12,12,0,3,0,1,0,1,100.8957568,0,61.2727,8,4.262941176,10.1600909,6.108537228,1
-1.013228266,True,338.2457096,3.8047,47.92,4,1,11,1,0.7,1,24,20,14,1,0,0,3,0,0,146.6754622,0,97.7588,5,1.996666667,15.93110701,8.74220157,2
-0.619788758,True,367.300578,4.2396,3.88,0,0,17,1,0.782608696,1,25,23,18,0,0,0,0,0,1,163.5830739,2,106.183,18,0.1552,17.48867364,10.87306566,3
0.146128036,True,388.1531685,-0.4587,109.8,7,0,14,0,0.875,0,25,16,16,0,2,0,2,0,0,172.805553,2,88.3042,6,4.392,18.43800777,10.06564401,4
-2.036212173,True,390.2981391,2.4618,99.38,6,4,13,0,1.0,1,27,21,21,4,0,0,2,0,0,164.4362876,0,105.2042,12,3.680740741,17.58811415,10.6788305,5
-0.48148606,True,524.2832768,-0.9254,195.6,12,7,15,0,0.958333333,2,36,24,24,7,1,0,4,0,0,211.2965966,0,124.3366,12,5.433333333,20.93052069,13.02038151,6
-0.600326279,True,514.3505686,4.0603,84.84,8,1,28,1,0.785714286,1,36,28,22,1,0,0,7,0,0,218.04918,0,141.0168,8,2.356666667,22.46359511,13.65515604,7
1.397940009,True,263.2015923,0.508,34.33,1,1,13,0,1.0,0,17,14,14,1,0,0,0,0,1,113.9806877,2,70.7978,12,2.019411765,12.22070877,7.155790079,8
-2.678815973,True,638.4968984,5.6094,103.3,10,1,41,0,1.0,0,44,34,34,1,0,0,9,0,0,269.5984816,0,174.7688,16,2.347727273,28.45597199,17.71948697,9
-0.552841969,True,558.3767833,4.0769,94.07,9,1,31,1,0.8,1,39,30,24,1,0,0,8,0,0,235.8926095,0,151.8358,8,2.412051282,24.28605696,14.73250631,10
-0.187086643,True,521.3927677,3.5055,104.71,8,2,31,0,0.962962963,0,36,27,27,1,1,0,6,0,1,219.4146354,0,141.4705,13,2.908611111,22.98262116,14.14866709,11
-3.004364805,True,299.2824294,3.9242,66.48,3,3,15,0,0.888888889,0,21,18,18,2,0,0,0,0,1,131.1820221,0,91.286,18,3.165714286,13.97356669,8.931363351,12
-1.22184875,True,1068.801186,7.4494,191.84,16,2,65,0,0.964285714,0,74,56,56,2,2,0,12,0,2,449.6047891,0,290.0816,13,2.592432432,47.27388307,29.30235206,13
-1.698970004,True,327.3137296,4.294,40.13,2,0,17,0,0.95,0,23,20,20,0,1,1,0,0,1,144.5987122,2,97.1614,16,1.744782609,16.07741868,9.995791185,14
0.903089987,True,306.2406242,2.4056,57.15,5,1,18,0,1.0,0,21,16,16,1,0,0,4,0,0,129.4617974,0,83.7378,8,2.721428571,13.68680848,8.332735624,15
-0.549750892,True,558.3767833,4.0769,94.07,9,1,31,1,0.8,1,39,30,24,1,0,0,8,0,0,235.8926095,0,151.8358,8,2.412051282,24.28605696,14.73250631,16
-0.100179498,True,320.2198887,0.9436,99.38,6,4,11,0,1.0,1,22,16,16,4,0,0,2,0,0,132.6115771,0,82.3292,10,4.517272727,13.56317012,8.535294756,17
-0.369572125,True,526.2989269,-1.2894,206.6,12,8,19,0,0.958333333,1,36,24,24,8,1,0,3,0,0,211.9831163,0,126.5494,12,5.738888889,21.0992425,12.94011971,18
0.431363764,True,355.1874622,2.6792,3.88,0,0,13,1,0.736842105,1,21,19,14,0,0,0,0,0,1,142.4829143,2,87.715,14,0.184761905,15.49031411,8.87306566,19
0.397940009,True,444.2157688,0.8135,109.8,7,0,16,0,0.9,0,29,20,20,0,2,0,2,0,0,198.2653215,2,106.6322,7,3.786206897,21.59270831,11.92934731,20
1.322219295,True,313.140512,1.5089,3.88,0,0,10,1,0.6875,1,18,16,11,0,0,0,0,0,1,123.388088,2,73.864,11,0.215555556,13.36899377,7.37306566,21
0.477121255,True,335.249415,3.919,57.2,3,0,15,0,1.0,0,22,17,17,0,0,0,0,0,1,138.176766,2,92.8676,12,2.6,15.79619827,10.60001491,22
-1.484126156,True,578.4029981,3.0528,155.14,10,5,30,0,0.9,0,40,30,30,5,1,0,4,0,0,241.2198411,0,153.981,18,3.8785,24.79776023,15.25447397,23
0.944482672,True,339.2692779,3.1879,0.0,0,0,13,1,0.714285714,1,23,21,15,0,0,0,0,0,1,151.0284332,2,98.9654,12,0.0,16.45313973,9.498226497,24
-0.688246139,True,510.3040123,-0.452,178.53,11,7,16,0,1.0,2,35,24,24,7,0,0,4,0,0,207.1350745,0,124.1966,12,5.100857143,20.72937918,13.05231097,25
0.107027631,True,497.2836112,-2.4966,209.4,11,9,17,0,0.954545455,1,34,22,22,8,1,0,2,0,1,199.689549,0,119.3661,10,6.158823529,19.77678065,12.07774728,26
-1.562249437,True,726.4765569,1.8078,214.06,14,7,38,0,0.916666667,0,50,36,36,7,1,0,6,0,0,299.2250517,0,187.6326,18,4.2812,30.49181167,18.55856545,27
-1.517126416,True,360.2875744,3.1009,79.15,5,3,12,0,1.0,1,25,20,20,3,0,0,2,0,0,153.2771118,0,99.1974,12,3.166,16.56355028,10.08224228,28
2.397940009,True,178.1027508,1.3077,37.3,2,1,7,0,1.0,0,11,8,8,1,0,0,0,0,0,71.46233378,0,49.1042,6,3.390909091,8.029954226,5.755385355,29
-1.609781681,True,405.3090381,1.5818,121.46,6,5,18,0,0.952380952,0,28,21,21,5,1,0,0,0,1,169.9306178,0,109.828,14,4.337857143,17.80042588,10.94422584,30
-1.48148606,True,290.1551803,2.465,66.76,5,2,10,0,0.928571429,1,19,14,14,2,1,0,1,1,0,119.4643122,0,76.9616,10,3.513684211,12.53168048,8.395929098,31
1.255272505,True,243.2198292,1.9534,40.13,2,0,11,0,0.928571429,0,17,14,14,0,1,1,0,0,1,106.4090595,2,69.4594,10,2.360588235,11.83477799,6.995791185,32
-2.431798276,True,360.2875744,3.1009,79.15,5,3,12,0,1.0,1,25,20,20,3,0,0,2,0,0,153.2771118,0,99.1974,12,3.166,16.56355028,10.08224228,33
0.740362689,True,325.2286796,3.3148,66.43,4,0,10,0,1.0,0,21,15,15,0,0,0,0,0,1,131.7752621,2,86.8106,11,3.163333333,15.53915615,9.255266786,34
2.255272505,True,224.1082301,-0.4053,80.92,5,4,8,0,1.0,0,14,9,9,4,0,0,0,1,0,88.95883298,0,57.3392,5,5.78,9.281183967,6.013145272,35
-0.369572125,True,524.2832768,-0.9254,195.6,12,7,15,0,0.958333333,2,36,24,24,7,1,0,4,0,0,211.2965966,0,124.3366,12,5.433333333,20.93052069,13.02038151,36
-0.494850022,True,363.2807152,4.6992,57.2,3,0,17,0,1.0,0,24,19,19,0,0,0,0,0,1,150.9066503,2,102.1016,14,2.383333333,17.21041184,11.60001491,37
-1.065501549,True,564.3307986,1.8874,112.58,9,0,30,0,1.0,0,37,26,26,0,0,0,5,0,0,248.7951148,2,139.9862,15,3.042702703,26.73978572,15.31438491,38
-1.552841969,True,728.492207,2.0318,214.06,14,7,39,0,0.972222222,0,50,36,36,7,1,0,6,0,0,299.9146548,0,187.7266,18,4.2812,30.75132469,18.90873553,39
-0.823908741,True,426.2981391,4.0271,66.38,6,1,22,1,0.75,1,30,24,18,1,0,0,5,0,0,182.3623211,0,119.3788,8,2.212666667,18.8186714,11.5004555,40
-2.292429824,True,622.3564418,0.5128,215.83,13,8,21,0,0.9,2,43,30,30,8,1,0,4,0,0,253.59088,0,153.1284,18,5.019302326,25.33591792,15.76450828,41
-0.346787486,True,539.3305614,-1.3742,200.61,11,8,19,0,0.96,1,37,25,25,8,1,0,2,0,1,218.9943469,0,133.2274,12,5.421891892,22.13820781,13.43436859,42
-0.124938737,True,653.471412,3.5553,132.4,11,2,40,0,0.96969697,0,45,33,33,1,1,0,9,0,1,272.9449238,0,173.9275,13,2.942222222,28.45000672,17.3807179,43
0.667452953,True,2051.221528,1.0356,465.42,46,3,129,0,0.989361702,1,140,94,94,3,1,0,42,0,0,832.9861595,0,504.8554,8,3.324428571,84.9311151,50.48223302,44
0.69019608,True,469.9786885,0.7497,40.13,2,0,7,0,0.888888889,0,29,9,9,0,1,1,0,0,0,157.7262112,2,45.691,9,1.383793103,12.74189262,5.620946311,45
-0.292429824,True,389.3141235,3.4557,77.02,5,2,22,0,0.952380952,0,27,21,21,1,1,0,3,0,1,165.884347,0,109.0135,13,2.852592593,17.5152356,10.91661628,46
2.025305865,True,278.2093241,1.6254,57.15,5,1,16,0,1.0,0,19,14,14,1,0,0,4,0,0,116.7319132,0,74.5038,6,3.007894737,12.27259491,7.332735624,47
-0.602059991,True,514.3505686,3.8711,84.84,8,1,23,1,0.785714286,1,36,28,22,1,0,0,7,0,0,218.04918,0,141.0348,5,2.356666667,23.22095442,13.05160265,48
-0.754487332,True,461.3596129,5.9086,0.0,0,0,22,0,1.0,0,28,26,26,0,0,0,0,0,1,190.3453112,2,125.5304,12,0.0,21.96752379,12.94109629,49
-0.219682688,True,511.3356468,-1.243,192.33,11,9,20,0,1.0,1,35,24,24,8,0,0,2,0,1,208.2579112,0,128.4601,12,5.495142857,20.9898527,13.0899003,50
1.556302501,True,264.2094173,-0.7472,35.83,2,2,13,0,1.0,0,17,14,14,1,0,0,0,0,1,113.9806877,2,69.6265,12,2.107647059,12.27349517,7.230441328,51
-0.469800302,True,510.2676268,-0.9663,195.6,12,7,15,0,0.956521739,2,35,23,23,7,1,0,4,0,0,204.9316545,0,119.4916,12,5.588571429,20.27582015,12.52453885,52
-0.853871964,True,418.2930537,2.8108,116.45,7,4,16,0,0.954545455,1,29,22,22,4,1,0,2,0,0,174.9627518,0,110.1712,16,4.015517241,18.00695232,11.5084213,53
1.381115081,True,291.204573,0.1298,105.17,6,4,9,0,1.0,1,20,14,14,3,0,0,2,0,1,120.4273498,0,75.0638,8,5.2585,12.27909323,7.6104292,54
-1.499999995,True,459.3559883,2.9182,121.46,6,5,21,0,0.88,0,32,25,25,5,1,0,0,0,1,194.7007833,0,128.202,18,3.795625,20.36933998,12.59405575,55
0.92890769,True,308.165745,0.88,90.15,6,4,9,0,1.0,1,20,14,14,4,0,0,1,1,0,124.8912576,0,79.6012,8,4.5075,12.96545314,8.584049546,56
0.462397998,True,376.1895541,0.4213,84.89,6,0,18,0,1.0,0,24,16,16,0,0,0,2,0,0,169.8050579,2,89.1312,12,3.537083333,18.28083633,10.15048245,57
1.204119983,True,252.1395302,0.3749,80.92,5,4,10,0,1.0,0,16,11,11,4,0,0,0,1,0,101.6887172,0,66.5732,6,5.0575,10.69539753,7.013145272,58
-0.821023053,True,426.2981391,4.0271,66.38,6,1,22,1,0.75,1,30,24,18,1,0,0,5,0,0,182.3623211,0,119.3788,8,2.212666667,18.8186714,11.5004555,59
0.176091259,True,391.3062385,1.7525,69.23,3,1,18,0,0.909090909,0,27,22,22,0,2,1,0,0,1,189.4835752,2,106.7047,16,2.564074074,20.48604713,10.97158,60
-0.522878745,True,602.4029981,3.9043,103.3,10,1,29,1,0.8125,1,42,32,26,1,0,0,9,0,0,253.7360389,0,162.6728,5,2.45952381,26.86587813,15.20630319,61
-0.220764369,True,290.2457096,3.1692,47.92,4,1,17,0,1.0,0,20,16,16,1,0,0,3,0,0,124.3482522,0,82.1528,10,2.396,13.27856018,8.255385355,62
-0.469800302,True,421.3403382,2.874,89.41,7,3,25,0,1.0,0,29,22,22,2,0,0,4,0,1,177.995546,0,116.2153,12,3.083103448,18.74690625,11.65331671,63
-0.349692477,True,598.3564418,0.4878,160.83,13,3,30,0,0.964285714,1,41,28,28,3,1,0,9,0,0,244.1529874,0,147.8284,8,3.922682927,24.78987395,14.92967413,64
1.041392685,True,256.1684452,0.4565,57.2,3,0,11,0,1.0,0,17,12,12,0,0,0,0,0,0,118.6798158,2,66.4082,12,3.364705882,12.22766434,8.073132185,65
2.949877704,True,338.2304534,0.7343,75.61,7,1,19,0,1.0,0,23,16,16,1,0,0,6,0,0,139.6888879,0,86.8378,3,3.287391304,14.66644176,8.34327821,66
0.667452953,True,2051.221528,1.0356,465.42,46,3,129,0,0.989361702,1,140,94,94,3,1,0,42,0,0,832.9861595,0,504.8554,8,3.324428571,84.9311151,50.48223302,67
1.0,True,250.1416384,-0.8151,107.22,6,4,9,0,0.909090909,0,17,11,11,4,1,0,1,0,0,100.8406745,0,60.2072,6,6.307058824,10.08004246,5.83157128,68
2.255272505,True,224.1082301,-0.4053,80.92,5,4,8,0,1.0,0,14,9,9,4,0,0,0,1,0,88.95883298,0,57.3392,5,5.78,9.281183967,6.013145272,69
-2.457797218,True,580.4550336,5.2027,94.07,9,1,37,0,1.0,0,40,31,31,1,0,0,8,0,0,245.39011,0,159.3328,15,2.35175,25.92640335,16.1421367,70
1.113943352,True,482.3454832,2.472,94.07,9,1,30,0,1.0,0,33,24,24,1,0,0,8,0,0,200.8355152,0,127.0138,8,2.850606061,20.97665589,12.6421367,71
1.301029996,True,292.1885886,0.1634,99.38,6,4,9,0,1.0,1,20,14,14,4,0,0,2,0,0,119.8816928,0,73.0952,8,4.969,12.14895656,7.535294756,72
0.716003344,True,277.2041791,2.7959,44.01,2,0,11,1,0.647058824,1,20,17,12,0,1,1,0,0,1,122.1960838,2,77.908,12,2.2005,12.59177282,7.920208499,73
1.72427587,True,360.1218684,-1.2389,109.8,7,0,12,0,0.857142857,0,23,14,14,0,2,0,2,0,0,160.0756688,2,79.0702,5,4.773913043,17.0237942,9.065644009,74
1.301029996,True,263.2379778,1.6175,0.0,0,0,11,0,1.0,0,17,15,15,0,0,0,0,0,1,115.971339,2,74.7434,12,0.0,13.35928161,7.364975334,75
-1.167491087,True,567.3618615,-0.594,200.61,11,8,21,0,0.962962963,1,39,27,27,8,1,0,2,0,1,231.7242311,0,142.4614,14,5.143846154,23.55242137,14.43436859,76
0.491361694,True,377.2657125,3.568,0.0,0,0,16,0,1.0,0,22,20,20,0,0,0,0,0,1,152.1556585,2,97.8284,14,0.0,17.72488311,10.09333819,77
0.321184027,True,320.2198887,0.9436,99.38,6,4,11,0,1.0,1,22,16,16,4,0,0,2,0,0,132.6115771,0,82.3292,10,4.517272727,13.56317012,8.535294756,78
0.322219295,True,419.3126627,4.7383,0.0,0,0,19,0,1.0,0,25,23,23,0,0,0,0,0,1,171.2504848,2,111.6794,14,0.0,19.84620345,11.59333819,79
2.989894564,True,118.0993797,0.7954,29.46,2,1,5,0,1.0,0,8,6,6,1,0,0,1,0,0,50.47174058,0,32.8128,4,3.6825,5.390995792,3.100684816,80
0.204119983,True,234.1653511,2.8681,37.3,2,1,11,0,1.0,0,15,12,12,1,0,0,0,0,0,96.92210224,0,67.5722,10,2.486666667,10.85838135,7.755385355,81
0.929418926,True,308.165745,0.88,90.15,6,4,9,0,1.0,1,20,14,14,4,0,0,1,1,0,124.8912576,0,79.6012,8,4.5075,12.96545314,8.584049546,82
-0.72010502,True,348.2511889,1.7238,99.38,6,4,13,0,1.0,1,24,18,18,4,0,0,2,0,0,145.3414613,0,91.5632,12,4.140833333,14.97738368,9.535294756,83
-1.191789027,True,362.3032244,3.966,57.15,5,1,22,0,1.0,0,25,20,20,1,0,0,4,0,0,154.9215659,0,102.2058,12,2.286,16.5152356,10.33273562,84
0.761551989,True,204.1725446,1.7167,49.69,3,2,10,0,1.0,0,14,11,11,2,0,0,1,0,0,87.09068491,0,57.2876,8,3.549285714,9.243986781,5.675380287,85
0.51851394,True,511.2992613,-2.1544,200.61,11,8,17,0,0.956521739,1,35,23,23,8,1,0,2,0,1,206.2644626,0,123.9934,10,5.731714286,20.72399425,12.43436859,86
2.889861721,True,338.2304534,0.8784,75.61,7,1,20,0,1.0,0,23,16,16,1,0,0,6,0,0,139.6888879,0,86.9078,4,3.287391304,14.50330506,8.487436162,87
-0.522878745,True,306.2406242,1.6088,90.15,5,4,15,0,1.0,0,21,16,16,4,0,0,1,0,0,128.503863,0,83.1522,11,4.292857143,13.41443485,8.358444733,88
0.681241237,True,732.200156,4.957,84.84,9,1,30,0,1.0,0,46,24,24,1,0,0,7,1,0,259.9970403,0,135.5508,8,1.844347826,25.17115671,14.65005292,89
0.36078269,True,188.17763,2.4803,40.46,2,2,9,0,1.0,0,13,11,11,2,0,0,0,0,0,81.97713968,0,55.7026,11,3.112307692,8.835738491,5.598030018,90
-1.995678626,True,360.2875744,3.1009,79.15,5,3,12,0,1.0,1,25,20,20,3,0,0,2,0,0,153.2771118,0,99.1974,12,3.166,16.56355028,10.08224228,91
-2.019996628,True,580.3458771,0.635,195.6,12,7,19,0,0.964285714,2,40,28,28,7,1,0,4,0,0,236.7563651,0,142.8046,16,4.89,23.75894781,15.02038151,92
1.980003372,True,366.2617536,1.5145,75.61,7,1,21,0,1.0,0,25,18,18,1,0,0,6,0,0,152.4187721,0,96.0718,5,3.0244,16.08065533,9.419287815,93
0.255272505,True,292.1885886,0.3552,107.22,6,4,12,0,0.928571429,0,20,14,14,4,1,0,1,0,0,119.9355009,0,74.0582,9,5.361,12.2013628,7.33157128,94
-1.0,True,582.4342982,4.049,103.3,10,1,37,0,1.0,0,40,30,30,1,0,0,9,0,0,244.1387132,0,156.3008,12,2.5825,25.62754486,15.71948697,95
0.568201724,True,644.1477265,4.9238,66.38,7,1,24,0,1.0,0,40,20,20,1,0,0,5,1,0,224.3101814,0,113.9128,8,1.6595,21.526233,12.49535238,96
0.826074803,True,234.0925801,0.9046,66.76,5,2,6,0,0.9,1,15,10,10,2,1,0,1,1,0,94.00454376,0,58.4936,6,4.450666667,9.703253357,6.395929098,97
-1.638272164,True,420.3087037,2.5206,108.61,7,4,18,0,1.0,1,29,22,22,4,0,0,3,0,0,175.914775,0,111.6162,12,3.745172414,18.2140591,11.60758902,98
1.653212514,True,265.2172423,-0.533,36.84,1,2,13,0,1.0,0,17,14,14,1,0,0,0,0,1,113.9806877,2,70.5892,12,2.167058824,12.35084544,7.339831128,99
1.662757832,True,238.1238802,-0.0152,80.92,5,4,9,0,1.0,0,15,10,10,4,0,0,0,1,0,95.32377509,0,61.9562,5,5.394666667,9.988290748,6.513145272,100
0.278753601,True,306.2042387,0.7453,107.22,6,4,13,0,0.933333333,0,21,15,15,4,1,0,1,0,0,126.300443,0,78.6752,10,5.105714286,12.90846958,7.83157128,101
-1.119758224,True,294.2194948,3.9773,38.69,3,1,13,1,0.666666667,1,21,18,12,1,0,0,2,0,0,128.8320327,0,86.9218,8,1.842380952,13.35128585,8.268404692,102
-1.045757491,True,649.4037263,0.7808,207.63,12,8,23,0,0.90625,2,45,32,32,7,1,0,4,0,1,267.0763927,0,164.8143,18,4.614,26.82786191,16.86337181,103
2.079181246,True,222.1103383,-1.5953,107.22,6,4,7,0,0.888888889,0,15,9,9,4,1,0,1,0,0,88.11079028,0,50.9732,5,7.148,8.665828895,4.83157128,104
-0.092051478,True,292.2249741,1.2187,90.15,5,4,14,0,1.0,0,20,15,15,4,0,0,1,0,0,122.1389209,0,78.5352,10,4.5075,12.70732807,7.858444733,105
1.819543936,True,274.085089,-1.5607,83.5,5,0,9,0,0.9,0,17,10,10,0,1,0,1,0,0,125.340833,2,58.8992,8,4.911764706,13.42284057,7.123609001,106
0.838849091,True,306.2042387,0.5535,99.38,6,4,10,0,1.0,1,21,15,15,4,0,0,2,0,0,126.2466349,0,77.7122,9,4.732380952,12.85606334,8.035294756,107
1.579783597,True,222.1467238,-0.7318,90.15,5,4,9,0,1.0,0,15,10,10,4,0,0,1,0,0,90.3142103,0,55.4502,5,6.01,9.171794167,5.358444733,108
-1.01278077,True,338.2457096,3.9939,47.92,4,1,16,1,0.7,1,24,20,14,1,0,0,3,0,0,146.6754622,0,97.7408,8,1.996666667,15.1737477,9.345754961,109
1.819858798,True,321.2151377,-0.7588,121.46,6,5,12,0,0.933333333,0,22,15,15,5,1,0,0,0,1,131.7409652,0,82.126,8,5.520909091,13.55778519,7.917352382,110
0.949390007,True,272.1633598,0.3881,66.43,4,0,12,0,1.0,0,18,12,12,0,0,0,0,0,0,124.0023649,2,67.4932,12,3.690555556,12.63591263,7.995781916,111
1.311251729,True,335.2307878,-0.3687,121.46,6,5,13,0,0.9375,0,23,16,16,5,1,0,0,0,1,138.1059073,0,86.743,9,5.280869565,14.26489197,8.417352382,112
-0.48148606,True,646.4292128,4.1101,112.53,11,1,37,1,0.823529412,1,45,34,28,1,0,0,10,0,0,271.5794684,0,173.4738,8,2.500666667,27.93098067,16.88720685,113
-0.886056648,True,382.2719243,4.0105,57.15,5,1,19,1,0.727272727,1,27,22,16,1,0,0,4,0,0,164.5188916,0,108.5598,8,2.116666667,16.99620955,10.42310523,114
0.810232518,True,553.4189825,3.7531,86.31,10,0,34,0,1.0,0,38,28,28,0,0,0,8,0,1,232.3284674,0,148.801,10,2.271315789,24.79911774,14.6687601,115
1.198657087,True,320.2198887,0.942,99.38,6,4,10,0,1.0,1,22,16,16,4,0,0,2,0,0,132.6115771,0,82.3072,10,4.517272727,13.72630683,8.505925244,116
-1.943095149,True,956.8044204,17.2254,108.36,8,1,50,0,0.85,1,68,60,60,1,3,0,4,0,0,418.9291765,0,284.8218,18,1.593529412,44.69115269,29.21536765,117
-1.30980392,True,420.3450893,4.3727,66.38,6,1,26,0,1.0,0,29,23,23,1,0,0,5,0,0,179.1299374,0,117.6418,13,2.288965517,19.04480423,11.91008589,118
0.622214023,True,292.1885886,0.3552,107.22,6,4,12,0,0.928571429,0,20,14,14,4,1,0,1,0,0,119.9355009,0,74.0582,9,5.361,12.2013628,7.33157128,119
0.813233062,True,349.2464378,0.0214,121.46,6,5,14,0,0.941176471,0,24,17,17,5,1,0,0,0,1,144.4708494,0,91.36,10,5.060833333,14.97199875,8.917352382,120
-0.400116928,True,405.3454236,3.8537,60.39,6,1,23,0,1.0,0,28,22,22,1,0,0,4,0,1,173.4112838,0,114.8138,12,2.156785714,18.83269268,11.31275577,121
-1.402304814,True,496.3247477,0.9362,155.14,10,5,25,0,0.958333333,0,34,24,24,5,1,0,4,0,0,203.7197914,0,126.373,12,4.562941176,20.81463257,12.60464405,122
1.079181246,True,252.1395302,0.3749,80.92,5,4,10,0,1.0,0,16,11,11,4,0,0,0,1,0,101.6887172,0,66.5732,6,5.0575,10.69539753,7.013145272,123
-2.490644359,True,623.4244618,0.9664,200.61,11,8,25,0,0.967741935,1,43,31,31,8,1,0,2,0,1,257.1839996,0,160.9294,18,4.665348837,26.3808485,16.46124205,124
-1.22184875,True,360.2148034,0.1834,108.61,7,4,11,0,0.888888889,1,25,18,18,4,0,0,3,0,0,149.4542319,0,91.6902,8,4.3444,14.97141841,9.064695804,125
-1.281913705,True,318.2770097,3.9494,47.92,4,1,19,0,1.0,0,22,18,18,1,0,0,3,0,0,137.0781364,0,91.3868,12,2.178181818,14.69277375,9.255385355,126
-0.88941029,True,382.2719243,4.0105,57.15,5,1,19,1,0.727272727,1,27,22,16,1,0,0,4,0,0,164.5188916,0,108.5598,8,2.116666667,16.99620955,10.42310523,127
0.653212514,True,320.2198887,0.942,99.38,6,4,10,0,1.0,1,22,16,16,4,0,0,2,0,0,132.6115771,0,82.3072,10,4.517272727,13.72630683,8.467920441,128
1.330413773,True,408.3087037,2.6848,75.61,7,1,24,0,1.0,0,28,21,21,1,0,0,6,0,0,171.5135984,0,109.9228,7,2.700357143,18.20197567,10.91928781,129
-0.008773924,True,363.2500624,3.1779,0.0,0,0,15,0,1.0,0,21,19,19,0,0,0,0,0,1,145.7907164,2,93.2114,16,0.0,17.01777633,9.364975334,130
1.653212514,True,305.1838376,-0.737,119.25,6,5,8,0,0.928571429,1,21,14,14,4,1,0,1,0,1,124.4795319,0,75.2859,8,5.678571429,12.44184978,7.607270031,131
0.997823081,True,394.2930537,2.4388,75.61,7,1,24,0,1.0,0,27,20,20,1,0,0,6,0,0,165.1486563,0,105.3758,8,2.80037037,17.33173218,10.48743616,132
-2.779891912,True,506.4182542,5.5596,75.61,7,1,32,0,1.0,0,35,28,28,1,0,0,6,0,0,216.0681932,0,142.3118,16,2.160285714,22.98858643,14.48743616,133
1.643452676,True,299.1248619,1.1188,3.88,0,0,9,1,0.666666667,1,17,15,10,0,0,0,0,0,1,117.0231458,2,69.247,10,0.228235294,12.66188698,6.87306566,134
-1.300162274,True,348.2511889,1.7238,99.38,6,4,13,0,1.0,1,24,18,18,4,0,0,2,0,0,145.3414613,0,91.5632,12,4.140833333,14.97738368,9.535294756,135
1.255272505,True,264.1572885,-0.425,107.22,6,4,10,0,0.916666667,0,18,12,12,4,1,0,1,0,0,107.2056166,0,64.8242,7,5.956666667,10.78714924,6.33157128,136
0.322219295,True,278.2093241,0.8286,90.15,5,4,13,0,1.0,0,19,14,14,4,0,0,1,0,0,115.7739788,0,73.9182,9,4.744736842,12.00022129,7.358444733,137
-0.040958608,True,444.2157688,1.1017,109.8,7,0,18,0,0.9,0,29,20,20,0,2,0,2,0,0,198.2653215,2,106.7722,8,3.786206897,21.26643489,12.06564401,138
-1.440093375,True,346.2355388,1.932,96.22,6,3,13,0,0.944444444,1,24,18,18,3,1,0,2,0,0,144.7087496,0,90.5634,12,4.009166667,14.86106811,9.373054242,139
-0.850780887,True,714.5129424,4.0988,130.99,13,1,46,0,1.0,0,49,36,36,1,0,0,12,0,0,297.6690015,0,188.7578,12,2.673265306,31.09493042,18.95153778,140
-1.494850022,True,459.3559883,2.9182,121.46,6,5,21,0,0.88,0,32,25,25,5,1,0,0,0,1,194.7007833,0,128.202,18,3.795625,20.36933998,12.59405575,141
-0.168770306,True,334.2719243,3.1858,57.15,5,1,20,0,1.0,0,23,18,18,1,0,0,4,0,0,142.1916816,0,92.9718,10,2.484782609,15.10102204,9.332735624,142
0.763427994,True,204.1725446,1.7167,49.69,3,2,10,0,1.0,0,14,11,11,2,0,0,1,0,0,87.09068491,0,57.2876,8,3.549285714,9.243986781,5.680436289,143
-1.010105436,True,338.2457096,3.9939,47.92,4,1,16,1,0.7,1,24,20,14,1,0,0,3,0,0,146.6754622,0,97.7408,8,1.996666667,15.1737477,9.345754961,144
0.72427587,True,341.1718121,2.2891,3.88,0,0,12,1,0.722222222,1,20,18,13,0,0,0,0,0,1,136.1179722,2,83.098,13,0.194,14.78320733,8.37306566,145
0.342422681,True,320.2198887,0.9436,99.38,6,4,11,0,1.0,1,22,16,16,4,0,0,2,0,0,132.6115771,0,82.3292,10,4.517272727,13.56317012,8.535294756,146
-0.318758763,True,262.1238802,1.6848,66.76,5,2,8,0,0.916666667,1,17,12,12,2,1,0,1,1,0,106.734428,0,67.7276,8,3.927058824,11.11746692,7.395929098,147
1.51851394,True,419.9818821,0.1144,40.13,2,0,6,0,0.875,0,26,8,8,0,1,1,0,0,0,143.0301983,2,40.744,8,1.543461538,11.48596368,4.992981838,148
1.079181246,True,292.1885886,0.1634,99.38,6,4,9,0,1.0,1,20,14,14,4,0,0,2,0,0,119.8816928,0,73.0952,8,4.969,12.14895656,7.530238754,149
0.361727836,True,848.3889237,-5.2754,353.9,22,13,22,0,0.972222222,4,58,36,36,13,1,0,8,0,0,334.8838231,0,189.6254,12,6.101724138,32.48691792,20.01473643,150
-2.420216403,True,866.6555243,1.3166,266.98,14,12,43,0,0.954545455,0,60,44,44,10,2,0,0,0,4,361.3165354,0,234.0474,12,4.449666667,37.42927888,23.51882873,151
-0.638272164,True,287.2460439,2.7189,60.77,3,2,13,0,0.9375,0,20,16,16,2,1,0,0,0,1,123.723206,0,82.5736,12,3.0385,13.31252072,8.142755713,152
-1.578396073,True,428.3137891,4.0486,96.22,6,3,18,0,0.875,1,30,24,24,3,1,0,2,0,0,182.2087993,0,118.1714,18,3.207333333,18.84419577,12.02288416,153
-0.962573502,True,538.4080834,4.0324,94.07,9,1,34,0,1.0,0,37,28,28,1,0,0,8,0,0,226.2952837,0,145.4818,12,2.542432432,23.80508301,14.6421367,154
2.397940009,True,192.1184009,1.6978,37.3,2,1,8,0,1.0,0,12,9,9,1,0,0,0,0,0,77.8272759,0,53.7212,6,3.108333333,8.737061007,6.255385355,155
1.84509804,True,305.1838376,-0.737,119.25,6,5,8,0,0.928571429,1,21,14,14,4,1,0,1,0,1,124.4795319,0,75.2859,8,5.678571429,12.44184978,7.607270031,156
-2.22184875,True,360.2875744,3.1009,79.15,5,3,12,0,1.0,1,25,20,20,3,0,0,2,0,0,153.2771118,0,99.1974,12,3.166,16.56355028,10.08224228,157
0.0,True,510.3767833,3.2522,94.07,9,1,32,0,1.0,0,35,26,26,1,0,0,8,0,0,213.5653995,0,136.2478,10,2.687714286,22.39086945,13.6421367,158
0.667452953,True,2051.221528,1.0356,465.42,46,3,129,0,0.989361702,1,140,94,94,3,1,0,42,0,0,832.9861595,0,504.8554,8,3.324428571,84.9311151,50.48223302,159
-1.26760624,True,621.4088117,0.7424,200.61,11,8,24,0,0.903225806,1,43,31,31,8,1,0,2,0,1,256.4943965,0,160.8354,18,4.665348837,26.12133547,16.11107196,160
-0.638272164,True,362.2304534,1.2504,116.45,7,4,12,0,0.944444444,1,25,18,18,4,1,0,2,0,0,149.5029834,0,91.7032,12,4.658,15.17852519,9.508421302,161
1.782114148,True,208.1310737,-1.1219,90.15,5,4,8,0,1.0,0,14,9,9,4,0,0,1,0,0,83.94926818,0,50.8332,5,6.439285714,8.464687386,4.858444733,162
0.419955748,True,468.2206766,-2.4858,195.6,12,7,11,0,0.95,2,32,20,20,7,1,0,4,0,0,185.8368282,0,105.8686,8,6.1125,18.10209356,11.02038151,163
-1.549750892,True,940.5454243,-2.7988,331.9,22,11,49,0,0.976190476,0,64,42,42,11,1,0,10,0,0,377.7354234,0,227.3278,12,5.1859375,37.89678687,22.51691849,164
-2.408935393,True,1166.811475,5.8086,214.06,22,1,77,0,1.0,0,80,58,58,1,0,0,21,0,0,483.7196351,0,304.5968,16,2.67575,50.32551422,30.6476902,165
-0.522878745,True,364.2461035,0.9602,108.61,7,4,14,0,1.0,1,25,18,18,4,0,0,3,0,0,150.4550065,0,93.1482,8,4.3444,15.38563197,9.607589023,166
1.462397998,True,451.9295842,0.1144,40.13,2,0,6,0,0.875,0,26,8,8,0,1,1,0,0,0,173.6551974,2,40.744,8,1.543461538,14.6090693,4.992981838,167
0.352182518,True,358.1789894,0.7783,83.5,5,0,14,0,0.9375,0,23,16,16,0,1,0,1,0,0,163.5304857,2,86.5792,14,3.630434783,17.82861797,10.01516719,168
2.230448921,True,246.0537889,-2.3409,83.5,5,0,7,0,0.875,0,15,8,8,0,1,0,1,0,0,112.6109488,2,49.6652,6,5.566666667,12.00862701,6.123609001,169
-0.519993057,True,602.4029981,4.0935,103.3,10,1,34,1,0.8125,1,42,32,26,1,0,0,9,0,0,253.7360389,0,162.6548,8,2.45952381,26.10851882,15.80985658,170
-0.552841969,True,558.3767833,3.8877,94.07,9,1,26,1,0.8,1,39,30,24,1,0,0,8,0,0,235.8926095,0,151.8538,5,2.412051282,25.04341628,14.12895292,171
1.079181246,True,320.2198887,0.942,99.38,6,4,10,0,1.0,1,22,16,16,4,0,0,2,0,0,132.6115771,0,82.3072,10,4.517272727,13.72630683,8.505925244,172
-0.610833916,True,581.4502826,3.9201,97.31,10,1,35,0,1.0,0,40,30,30,1,0,0,8,0,1,244.7850016,0,158.0898,12,2.43275,26.12254009,15.62215685,173
-0.04793441,True,422.3243538,3.219,75.61,7,1,26,0,1.0,0,29,22,22,1,0,0,6,0,0,177.8785406,0,114.6098,10,2.607241379,18.74594574,11.48743616,174
0.439332694,True,470.2363267,-2.8498,206.6,12,8,15,0,0.95,1,32,20,20,8,1,0,3,0,0,186.5233479,0,108.0814,8,6.45625,18.27081538,10.94011971,175
0.491361694,True,377.2657125,3.568,0.0,0,0,16,0,1.0,0,22,20,20,0,0,0,0,0,1,152.1556585,2,97.8284,12,0.0,17.72488311,9.941096285,176
-1.30980392,True,250.1932801,3.9607,29.46,2,1,10,1,0.625,1,18,16,10,1,0,0,1,0,0,110.9886032,0,76.1028,8,1.636666667,11.52882399,7.191054423,177
-2.302770657,True,397.3555944,5.662,69.56,3,3,20,0,0.875,0,28,24,24,2,1,0,0,0,1,173.7431684,0,119.3833,18,2.484285714,18.63289184,11.90148947,178
1.230448921,True,283.2066776,1.899,3.88,0,0,11,1,0.705882353,1,19,17,12,0,0,0,0,0,1,125.3934212,2,78.481,12,0.204210526,13.24603295,7.87306566,179
0.079181246,True,461.3596129,5.9086,0.0,0,0,22,0,1.0,0,28,26,26,0,0,0,0,0,1,190.3453112,2,125.5304,14,0.0,21.96752379,13.09333819,180
-0.410050399,True,435.3559883,3.2625,89.41,7,3,25,0,1.0,0,30,23,23,2,0,0,4,0,1,184.3604882,0,120.8103,12,2.980333333,19.61714973,12.09087377,181
0.450249108,True,436.3400039,3.465,75.61,7,1,26,0,1.0,0,30,23,23,1,0,0,6,0,0,184.2434827,0,119.1568,9,2.520333333,19.61618923,11.91928781,182
-0.679853714,True,470.3243538,4.0437,75.61,7,1,25,1,0.769230769,1,33,26,20,1,0,0,6,0,0,200.2057505,0,130.1978,8,2.291212121,20.64113326,12.57780577,183
0.602059991,True,320.2198887,0.6554,99.38,6,4,9,0,1.0,1,22,16,16,4,0,0,2,0,0,132.6115771,0,82.1892,8,4.517272727,13.88944353,8.284983654,184
0.986771734,True,236.1623739,-0.3417,90.15,5,4,10,0,1.0,0,16,11,11,4,0,0,1,0,0,96.67915241,0,60.0672,6,5.634375,9.878900948,5.858444733,185
0.959041392,True,350.2668389,2.4222,66.38,6,1,21,0,1.0,0,24,18,18,1,0,0,5,0,0,147.3052269,0,94.5568,8,2.765833333,15.50927033,9.410085893,186
-1.173925197,True,754.5303238,-1.8042,266.98,14,12,35,0,0.944444444,0,52,36,36,10,2,0,0,0,4,310.3969985,0,197.1114,8,5.134230769,31.77242463,19.51882873,187
-0.698970004,True,348.2511889,1.7238,99.38,6,4,13,0,1.0,1,24,18,18,4,0,0,2,0,0,145.3414613,0,91.5632,12,4.140833333,14.97738368,9.535294756,188
-0.286509457,True,950.5661598,0.6206,234.67,21,3,54,0,0.977272727,1,65,44,44,3,1,0,17,0,0,386.9004231,0,234.3804,8,3.610307692,39.36956878,23.54847629,189
-2.508638306,True,902.6541869,5.709,158.68,16,1,59,0,1.0,0,62,46,46,1,0,0,15,0,0,376.6590584,0,239.6828,16,2.559354839,39.39074311,24.18358859,190
0.267171728,True,405.2970126,4.3482,0.0,0,0,18,0,1.0,0,24,22,22,0,0,0,0,0,1,164.8855427,2,107.0624,10,0.0,19.13909667,10.94109629,191
1.0,True,264.1572885,-0.425,107.22,6,4,10,0,0.916666667,0,18,12,12,4,1,0,1,0,0,107.2056166,0,64.8242,7,5.956666667,10.78714924,6.33157128,192
0.469822016,True,568.4186481,3.5148,103.3,10,1,35,0,1.0,0,39,29,29,1,0,0,9,0,0,237.773771,0,151.6138,9,2.648717949,25.08357479,15.15133862,193
-1.525783736,True,552.3509625,0.286,178.53,11,7,16,0,1.0,2,38,27,27,7,0,0,4,0,0,226.2299009,0,137.8376,12,4.698157895,23.34010964,14.19584671,194
0.968482949,True,288.1161473,0.4565,57.2,3,0,11,0,1.0,0,17,12,12,0,0,0,0,0,0,149.304815,2,66.4082,12,3.364705882,15.35076996,8.073132185,195
-2.30980392,True,397.3555944,5.662,69.56,3,3,20,0,0.875,0,28,24,24,2,1,0,0,0,1,173.7431684,0,119.3833,18,2.484285714,18.63289184,11.90148947,196
-1.37675071,True,754.435086,-0.5112,257.68,16,10,24,0,0.944444444,3,52,36,36,10,0,0,6,0,0,306.4287374,0,184.438,18,4.955384615,30.46450234,19.21915709,197
1.39880773,True,292.1885886,0.1634,99.38,6,4,9,0,1.0,1,20,14,14,4,0,0,2,0,0,119.8816928,0,73.0952,8,4.969,12.14895656,7.535294756,198
-0.22184875,True,305.2354792,3.5761,44.01,2,0,13,1,0.684210526,1,22,19,14,0,1,1,0,0,1,134.925968,2,87.142,14,2.000454545,14.00598638,8.920208499,199
-2.200659451,True,464.2807747,2.5407,127.45,8,5,17,0,0.956521739,1,31,23,23,5,1,0,1,1,0,191.1314925,0,122.934,14,4.111290323,20.06355571,13.04162516,200
0.82314806,True,305.2202231,0.5199,105.17,6,4,10,0,1.0,1,21,15,15,3,0,0,2,0,1,126.7922919,0,79.6808,9,5.008095238,12.98620001,8.1104292,201
-1.446116973,True,644.3983066,-0.3088,214.06,14,7,33,0,0.966666667,0,44,30,30,7,1,0,6,0,0,261.7250021,0,160.0246,12,4.865,26.508684,15.90873553,202
0.322219295,True,316.1684247,1.1683,66.43,4,0,14,0,1.0,0,20,14,14,0,0,0,0,0,0,146.8480833,2,76.7272,14,3.3215,16.05012619,8.995781916,203
-1.886056648,True,244.2402303,4.0407,40.46,2,2,13,0,1.0,0,17,15,15,2,0,0,0,0,0,107.4369081,0,74.1706,15,2.38,11.66416562,7.598030018,204
1.176091259,True,320.2198887,0.942,99.38,6,4,10,0,1.0,1,22,16,16,4,0,0,2,0,0,132.6115771,0,82.3072,10,4.517272727,13.72630683,8.505925244,205
-0.657577319,True,299.2824294,3.5138,40.13,2,0,15,0,0.944444444,0,21,18,18,0,1,1,0,0,1,131.868828,2,87.9274,14,1.910952381,14.66320511,8.995791185,206
0.963787827,True,250.1780239,0.0484,90.15,5,4,11,0,1.0,0,17,12,12,4,0,0,1,0,0,103.0440945,0,64.6842,7,5.302941176,10.58600773,6.358444733,207
-1.443697499,True,567.3618615,-0.594,200.61,11,8,21,0,0.962962963,1,39,27,27,8,1,0,2,0,1,231.7242311,0,142.4614,14,5.143846154,23.55242137,14.46124205,208
1.832508913,True,279.1561621,0.8373,0.0,0,0,9,0,1.0,0,15,13,13,0,0,0,0,0,1,107.6010637,2,65.5094,10,0.0,12.77513564,6.364975334,209
-0.886056648,True,382.2719243,3.8213,57.15,5,1,14,1,0.727272727,1,27,22,16,1,0,0,4,0,0,164.5188916,0,108.5778,5,2.116666667,17.75356886,9.81955184,210
0.311753861,True,278.2093241,0.8286,90.15,5,4,13,0,1.0,0,19,14,14,4,0,0,1,0,0,115.7739788,0,73.9182,9,4.744736842,12.00022129,7.358444733,211
0.112269768,True,554.4029981,3.2688,103.3,10,1,35,0,1.0,0,38,28,28,1,0,0,9,0,0,231.4088289,0,147.0668,10,2.718421053,24.2133313,14.71948697,212
-1.569441231,True,552.4237335,4.4225,94.07,9,1,35,0,1.0,0,38,29,29,1,0,0,8,0,0,232.6602258,0,150.0988,13,2.475526316,24.51218979,15.1421367,213
-0.530177984,True,435.3559883,3.2162,80.62,7,2,25,0,1.0,0,30,23,23,2,0,0,4,0,1,184.5704596,0,120.8426,12,2.687333333,19.69411984,12.02587906,214
2.0,True,234.1831093,1.6088,47.92,4,1,13,0,1.0,0,16,12,12,1,0,0,3,0,0,98.88848373,0,63.6848,6,2.995,10.45013306,6.255385355,215
-0.337242168,True,524.2832768,-0.9238,195.6,12,7,16,0,0.958333333,2,36,24,24,7,1,0,4,0,0,211.2965966,0,124.3586,12,5.433333333,20.98292693,12.99081602,216
-2.015472686,True,595.3931616,0.1862,200.61,11,8,23,0,0.965517241,1,41,29,29,8,1,0,2,0,1,244.4541153,0,151.6954,16,4.892926829,24.96663493,15.46124205,217
2.322219295,True,206.1340509,2.0879,37.3,2,1,9,0,1.0,0,13,10,10,1,0,0,0,0,0,84.19221801,0,58.3382,6,2.869230769,9.444167788,6.755385355,218
2.146128036,True,251.1248619,0.0571,0.0,0,0,7,0,1.0,0,13,11,11,0,0,0,0,0,1,94.87117944,2,56.2754,8,0.0,11.36092208,5.364975334,219
-0.349692477,True,598.3564418,0.4878,160.83,13,3,30,0,0.964285714,1,41,28,28,3,1,0,9,0,0,244.1529874,0,147.8284,8,3.922682927,24.78987395,14.92967413,220
-0.749579998,True,202.1932801,2.8704,40.46,2,2,10,0,1.0,0,14,12,12,2,0,0,0,0,0,88.34208179,0,60.3196,12,2.89,9.542845272,6.098030018,221
1.832508913,True,235.2066776,0.8373,0.0,0,0,9,0,1.0,0,15,13,13,0,0,0,0,0,1,103.2414548,2,65.5094,10,0.0,11.94506805,6.364975334,222
0.913813852,True,288.1371246,0.3881,66.43,4,0,12,0,1.0,0,18,12,12,0,0,0,0,0,0,134.118199,2,67.4932,12,3.690555556,14.63591263,7.995781916,223
0.176091259,True,355.3450297,5.0742,40.13,2,0,19,0,0.954545455,0,25,22,22,0,1,1,0,0,1,157.3285964,2,106.3954,12,1.6052,17.49163224,10.99579119,224
-0.250263684,True,508.2883622,-0.8421,178.53,11,7,12,0,1.0,3,35,24,24,7,0,0,4,0,0,206.1292434,0,122.0126,12,5.100857143,20.30672945,13.06994906,225
1.361727836,True,206.1340509,2.0879,37.3,2,1,9,0,1.0,0,13,10,10,1,0,0,0,0,0,84.19221801,0,58.3382,8,2.869230769,9.444167788,6.755385355,226
0.204119983,True,306.1678532,-0.31,116.45,7,4,8,0,0.928571429,1,21,14,14,4,1,0,2,0,0,124.0432149,0,73.2352,8,5.545238095,12.35009807,7.508421302,227
-0.193820026,True,383.2187623,3.4594,3.88,0,0,15,1,0.761904762,1,23,21,16,0,0,0,0,0,1,155.2127985,2,96.949,16,0.168695652,16.90452767,9.87306566,228
0.342422681,True,437.3538801,6.4356,66.43,4,0,18,0,1.0,0,29,23,23,0,0,0,0,0,1,182.694799,2,123.7466,11,2.290689655,21.1960104,13.55975059,229
0.698970004,True,644.3255356,-3.6962,257.68,16,10,15,0,1.0,3,44,28,28,10,0,0,6,0,0,256.1988036,0,147.456,8,5.856363636,25.39343452,15.31901608,230
-0.286509457,True,950.5661598,0.6206,234.67,21,3,54,0,0.977272727,1,65,44,44,3,1,0,17,0,0,386.9004231,0,234.3804,8,3.610307692,39.36956878,23.54847629,231
0.699404082,True,644.3255356,-3.6962,257.68,16,10,15,0,1.0,3,44,28,28,10,0,0,6,0,0,256.1988036,0,147.456,8,5.856363636,25.39343452,15.31901608,232
0.602059991,True,320.2198887,0.6554,99.38,6,4,9,0,1.0,1,22,16,16,4,0,0,2,0,0,132.6115771,0,82.1892,8,4.517272727,13.88944353,8.284983654,233
-0.508638306,True,525.3149113,-1.7164,209.4,11,9,19,0,0.958333333,1,36,24,24,8,1,0,2,0,1,212.4194333,0,128.6001,12,5.816666667,21.19099421,13.07774728,234
-0.886056648,True,294.2194948,3.7881,38.69,3,1,8,1,0.666666667,1,21,18,12,1,0,0,2,0,0,128.8320327,0,86.9398,5,1.842380952,14.10864516,7.664851301,235
-2.289882635,True,594.3615272,1.3743,195.6,12,7,21,0,0.965517241,2,41,29,29,7,1,0,4,0,0,243.1213072,0,147.1936,18,4.770731707,24.51846084,15.52453885,236
-0.522878745,True,524.3924334,3.6423,94.07,9,1,33,0,1.0,0,36,27,27,1,0,0,8,0,0,219.9303416,0,140.8648,11,2.613055556,23.09797623,14.1421367,237
-2.22184875,True,341.2929941,4.1016,69.56,3,3,16,0,0.85,0,24,20,20,2,1,0,0,0,1,148.2834,0,100.9153,18,2.898333333,15.80446471,9.840829298,238
0.301029996,True,271.2511293,2.7336,40.13,2,0,13,0,0.9375,0,19,16,16,0,1,1,0,0,1,119.1389438,2,78.6934,12,2.112105263,13.24899155,7.995791185,239
-0.677780705,True,470.3243538,4.0437,75.61,7,1,25,1,0.769230769,1,33,26,20,1,0,0,6,0,0,200.2057505,0,130.1978,8,2.291212121,20.64113326,12.57780577,240
1.361727836,True,176.1234863,2.7254,17.07,1,0,7,0,1.0,0,11,9,9,0,0,0,0,0,0,73.03304215,0,52.3094,8,1.551818182,8.58274063,6.297877056,241
0.544068044,True,311.2379778,2.6792,3.88,0,0,13,1,0.736842105,1,21,19,14,0,0,0,0,0,1,138.1233054,2,87.715,14,0.184761905,14.66024652,8.87306566,242
-0.349692477,True,598.3564418,0.4878,160.83,13,3,30,0,0.964285714,1,41,28,28,3,1,0,9,0,0,244.1529874,0,147.8284,8,3.922682927,24.78987395,14.92967413,243
0.414973348,True,327.3137296,4.294,40.13,2,0,17,0,0.95,0,23,20,20,0,1,1,0,0,1,144.5987122,2,97.1614,12,1.744782609,16.07741868,9.995791185,244
-0.602059991,True,514.3505686,4.0603,84.84,8,1,28,1,0.785714286,1,36,28,22,1,0,0,7,0,0,218.04918,0,141.0168,8,2.356666667,22.46359511,13.65515604,245
-1.707743929,True,552.3509625,0.286,178.53,11,7,16,0,1.0,2,38,27,27,7,0,0,4,0,0,226.2299009,0,137.8376,12,4.698157895,23.34010964,14.19584671,246
-0.397940009,True,308.2021305,1.9353,80.92,5,4,14,0,1.0,0,20,15,15,4,0,0,0,1,0,127.1484857,0,85.0412,10,4.046,13.52382465,9.013145272,247
0.699837726,True,465.366553,3.7199,67.85,8,0,28,0,1.0,0,32,24,24,0,0,0,6,0,1,196.6416084,0,127.163,10,2.1203125,21.15419403,12.51405956,248
1.589949602,True,222.1467238,-0.7318,90.15,5,4,9,0,1.0,0,15,10,10,4,0,0,1,0,0,90.3142103,0,55.4502,5,6.01,9.171794167,5.358444733,249
-0.590066877,True,289.261694,2.5123,63.93,4,3,15,0,1.0,0,20,16,16,3,0,0,0,0,1,124.3559177,0,83.5954,12,3.1965,13.26569959,8.396663915,250
-0.677780705,True,470.3243538,3.8545,75.61,7,1,20,1,0.769230769,1,33,26,20,1,0,0,6,0,0,200.2057505,0,130.2158,5,2.291212121,21.39849257,11.97425238,251
-2.119758224,True,582.3615272,0.271,206.6,12,8,23,0,0.964285714,1,40,28,28,8,1,0,3,0,0,237.4428848,0,145.0174,16,5.165,23.92766963,14.94011971,252
-1.473660723,True,390.2981391,2.4618,99.38,6,4,13,0,1.0,1,27,21,21,4,0,0,2,0,0,164.4362876,0,105.2042,12,3.680740741,17.58811415,10.6788305,253
0.301029996,True,482.2727122,-1.2322,178.53,11,7,14,0,1.0,2,33,22,22,7,0,0,4,0,0,194.4051903,0,114.9626,10,5.41,19.31516562,12.05231097,254
0.826074803,True,264.193674,0.4385,90.15,5,4,12,0,1.0,0,18,13,13,4,0,0,1,0,0,109.4090366,0,69.3012,8,5.008333333,11.29311451,6.858444733,255
1.301029996,True,220.149701,2.478,37.3,2,1,10,0,1.0,0,14,11,11,1,0,0,0,0,0,90.55716013,0,62.9552,8,2.664285714,10.15127457,7.255385355,256
0.653212514,True,291.2692779,2.3977,0.0,0,0,13,0,1.0,0,19,17,17,0,0,0,0,0,1,128.7012233,2,83.9774,14,0.0,14.77349517,8.364975334,257
0.72427587,True,482.2727122,-1.5204,178.53,11,7,12,0,1.0,2,33,22,22,7,0,0,4,0,0,194.4051903,0,114.8226,8,5.41,19.64143903,11.80199986,258
1.11058971,True,526.3716979,2.4886,103.3,10,1,33,0,1.0,0,36,26,26,1,0,0,9,0,0,218.6789447,0,137.8328,8,2.869444444,22.79911774,13.71948697,259
-2.63921731,True,770.5755427,5.6592,130.99,13,1,50,0,1.0,0,53,40,40,1,0,0,12,0,0,323.12877,0,207.2258,16,2.471509434,33.92335755,20.95153778,260
-1.669586227,True,390.2981391,2.4618,99.38,6,4,13,0,1.0,1,27,21,21,4,0,0,2,0,0,164.4362876,0,105.2042,12,3.680740741,17.58811415,10.6788305,261
0.899820502,True,320.2198887,0.942,99.38,6,4,10,0,1.0,1,22,16,16,4,0,0,2,0,0,132.6115771,0,82.3072,10,4.517272727,13.72630683,8.505925244,262
-1.305394801,True,250.1932801,3.9607,29.46,2,1,10,1,0.625,1,18,16,10,1,0,0,1,0,0,110.9886032,0,76.1028,8,1.636666667,11.52882399,7.191054423,263
-2.04793441,True,566.4393836,4.8126,94.07,9,1,36,0,1.0,0,39,30,30,1,0,0,8,0,0,239.0251679,0,154.7158,14,2.412051282,25.21929657,15.6421367,264
1.093421685,True,272.1422099,0.4565,57.2,3,0,11,0,1.0,0,17,12,12,0,0,0,0,0,0,128.7956499,2,66.4082,12,3.364705882,14.22766434,8.073132185,265
0.973127854,True,236.1623739,-0.3417,90.15,5,4,10,0,1.0,0,16,11,11,4,0,0,1,0,0,96.67915241,0,60.0672,6,5.634375,9.878900948,5.858444733,266
-0.022276395,True,686.3361003,-3.0996,274.75,17,10,19,0,0.966666667,3,47,30,30,10,1,0,6,0,0,273.0902099,0,156.992,12,5.845744681,26.73492242,16.50277622,267
1.204119983,True,307.1874622,1.6175,0.0,0,0,11,0,1.0,0,17,15,15,0,0,0,0,0,1,120.3309479,2,74.7434,12,0.0,14.1893492,7.364975334,268
0.36078269,True,174.1619799,2.0902,40.46,2,2,8,0,1.0,0,12,10,10,2,0,0,0,0,0,75.61219756,0,51.0856,10,3.371666667,8.12863171,5.098030018,269
0.130333768,True,386.2102895,1.5585,83.5,5,0,16,0,0.944444444,0,25,18,18,0,1,0,1,0,0,176.2603699,2,95.8132,14,3.34,19.24283153,11.01516719,270
0.949390007,True,267.1868148,3.8287,93.7,3,1,11,0,1.0,0,17,12,12,0,0,0,0,0,0,106.5180007,2,72.393,12,5.511764706,12.22766434,8.073132185,271
1.782114148,True,250.1416384,-0.8151,107.22,6,4,9,0,0.909090909,0,17,11,11,4,1,0,1,0,0,100.8406745,0,60.2072,6,6.307058824,10.08004246,5.83157128,272
1.278753601,True,278.1729386,-0.0349,107.22,6,4,11,0,0.923076923,0,19,13,13,4,1,0,1,0,0,113.5705587,0,69.4412,8,5.643157895,11.49425602,6.83157128,273
-0.045757491,True,339.2692779,3.4594,3.88,0,0,15,1,0.761904762,1,23,21,16,0,0,0,0,0,1,150.8531897,2,96.949,16,0.168695652,16.07446008,9.87306566,274
0.982271233,True,250.1780239,0.0484,90.15,5,4,11,0,1.0,0,17,12,12,4,0,0,1,0,0,103.0440945,0,64.6842,7,5.302941176,10.58600773,6.358444733,275
-1.060231224,True,450.3556539,3.9992,75.61,7,1,28,0,1.0,0,31,24,24,1,0,0,6,0,0,190.6084248,0,123.8438,12,2.439032258,20.16015931,12.48743616,276
0.301029996,True,482.2727122,-1.2322,178.53,11,7,14,0,1.0,2,33,22,22,7,0,0,4,0,0,194.4051903,0,114.9626,10,5.41,19.31516562,12.05231097,277
-1.698970004,True,592.3822626,1.6646,178.53,11,7,21,0,0.933333333,2,41,30,30,7,0,0,4,0,0,244.6351242,0,151.8046,18,4.354390244,24.71250684,15.70214088,278
-1.480828536,True,274.2507949,3.9328,38.69,3,1,16,0,1.0,0,19,16,16,1,0,0,2,0,0,119.234707,0,80.5678,12,2.036315789,12.87031189,8.178035086,279
-2.397940009,True,283.2147438,3.339,55.4,3,1,11,0,0.875,1,20,16,16,0,2,0,1,0,1,122.1940032,0,79.3507,12,2.77,12.78737651,8.197306302,280
-0.8261012,True,377.277738,0.8016,121.46,6,5,16,0,0.947368421,0,26,19,19,5,1,0,0,0,1,157.2007336,0,100.594,12,4.671538462,16.38621231,9.944225836,281
0.462397998,True,877.5147333,-3.9229,341.5,16,15,22,0,0.928571429,4,61,42,42,13,3,0,0,0,3,357.3477162,0,216.4608,22,5.598360656,35.82150506,22.18568068,282
-2.769551079,True,550.4444689,5.5762,84.84,8,1,35,0,1.0,0,38,30,30,1,0,0,7,0,0,233.9116227,0,153.1308,16,2.232631579,24.81104828,15.56478643,283
1.146128036,True,321.2031123,2.0076,0.0,0,0,12,0,1.0,0,18,16,16,0,0,0,0,0,1,126.69589,2,79.3604,12,0.0,14.89645598,7.941096285,284
1.662757832,True,238.1238802,-0.0152,80.92,5,4,9,0,1.0,0,15,10,10,4,0,0,0,1,0,95.32377509,0,61.9562,5,5.394666667,9.988290748,6.513145272,285
-2.051098239,True,1190.761171,-3.035,425.28,24,18,49,0,0.964285714,2,82,56,56,16,2,0,4,0,4,484.9037619,0,299.3142,12,5.186341463,48.93326987,30.55286115,286
-0.091514981,True,378.2981391,3.2024,66.38,6,1,23,0,1.0,0,26,20,20,1,0,0,5,0,0,160.0351111,0,103.7908,10,2.553076923,16.92348389,10.41008589,287
-1.494850022,True,416.2774036,1.7438,108.61,7,4,15,0,0.909090909,1,29,22,22,4,0,0,3,0,0,174.9140004,0,110.1582,12,3.745172414,17.79984554,11.0646958,288
1.633468456,True,244.1109098,-0.3237,57.2,3,0,9,0,1.0,0,15,10,10,0,0,0,0,0,0,116.0657657,2,57.1742,10,3.813333333,12.81345077,7.073132185,289
0.69019608,True,174.1619799,2.3558,29.46,2,1,9,0,1.0,0,12,10,10,1,0,0,1,0,0,75.93150904,0,51.2808,8,2.455,8.219422917,5.100684816,290
0.72427587,True,482.2727122,-1.5204,178.53,11,7,12,0,1.0,2,33,22,22,7,0,0,4,0,0,194.4051903,0,114.8226,8,5.41,19.64143903,11.80199986,291
2.255272505,True,220.149701,2.478,37.3,2,1,10,0,1.0,0,14,11,11,1,0,0,0,0,0,90.55716013,0,62.9552,6,2.664285714,10.15127457,7.255385355,292
-2.235077015,True,341.2929941,4.1016,69.56,3,3,16,0,0.85,0,24,20,20,2,1,0,0,0,1,148.2834,0,100.9153,18,2.898333333,15.80446471,9.840829298,293
0.591064607,True,332.1633393,0.4047,75.66,5,0,15,0,1.0,0,21,14,14,0,0,0,1,0,0,151.9616285,2,78.3122,12,3.602857143,16.45837448,9.073132185,294
0.079181246,True,280.1708304,1.1551,80.92,5,4,12,0,1.0,0,18,13,13,4,0,0,0,1,0,114.4186014,0,75.8072,8,4.495555556,12.10961109,8.013145272,295
1.591064607,True,311.2379778,2.4077,0.0,0,0,11,1,0.684210526,1,21,19,13,0,0,0,0,0,1,138.298549,2,89.7314,10,0.0,15.03892617,8.498226497,296
-0.519993057,True,216.2089301,3.5261,29.46,2,1,12,0,1.0,0,15,13,13,1,0,0,1,0,0,95.02633538,0,65.1318,11,1.964,10.34074326,6.600684816,297
0.799340549,True,505.9456742,1.5025,57.2,3,0,7,0,1.0,0,30,8,8,0,0,0,0,0,0,164.0341492,2,50.3812,8,1.906666667,13.87488578,7.075070456,298
-1.649751982,True,580.4186481,3.2768,155.14,10,5,31,0,0.966666667,0,40,30,30,5,1,0,4,0,0,241.9094441,0,154.075,18,3.8785,25.05727326,15.60464405,299
0.699837726,True,320.2198887,0.942,99.38,6,4,10,0,1.0,1,22,16,16,4,0,0,2,0,0,132.6115771,0,82.3072,10,4.517272727,13.72630683,8.467920441,300
-0.289882635,True,493.3978531,3.8869,78.85,8,1,29,0,1.0,0,34,26,26,1,0,0,6,0,1,209.0981427,0,136.4518,12,2.319117647,22.47761639,13.46745631,301
-0.480172006,True,646.4292128,4.1101,112.53,11,1,37,1,0.823529412,1,45,34,28,1,0,0,10,0,0,271.5794684,0,173.4738,8,2.500666667,27.93098067,16.88720685,302
-0.443697499,True,347.2671733,1.4407,101.23,5,4,15,0,0.944444444,0,24,18,18,4,1,0,0,0,1,146.0415578,0,94.5872,12,4.217916667,15.36164845,9.325820159,303
-0.886056648,True,1078.635971,-6.1558,425.28,24,18,41,0,0.958333333,2,74,48,48,16,2,0,4,0,4,433.984225,0,262.3782,8,5.747027027,43.27641562,26.55286115,304
0.662757832,True,299.2824294,3.5138,40.13,2,0,15,0,0.944444444,0,21,18,18,0,1,1,0,0,1,131.868828,2,87.9274,12,1.910952381,14.66320511,8.995791185,305
0.491361694,True,440.2774036,3.165,108.61,7,4,15,1,0.75,2,31,24,18,4,0,0,3,0,0,185.5121007,0,118.1762,12,3.503548387,18.69503305,11.75985425,306
-0.286509457,True,950.5661598,0.6206,234.67,21,3,54,0,0.977272727,1,65,44,44,3,1,0,17,0,0,386.9004231,0,234.3804,8,3.610307692,39.36956878,23.54847629,307
0.556302501,True,335.2187623,2.3977,0.0,0,0,13,0,1.0,0,19,17,17,0,0,0,0,0,1,133.0608321,2,83.9774,14,0.0,15.60356276,8.364975334,308
1.919078092,True,441.2210109,-4.057,209.4,11,9,13,0,0.944444444,1,30,18,18,8,1,0,2,0,1,174.2297806,0,100.8981,6,6.98,16.94835353,10.07774728,309
0.800029359,True,292.1885886,0.1634,99.38,6,4,9,0,1.0,1,20,14,14,4,0,0,2,0,0,119.8816928,0,73.0952,8,4.969,12.14895656,7.535294756,310
1.201397124,True,288.1371246,-0.3071,66.43,4,0,12,0,1.0,0,18,12,12,0,0,0,1,0,0,133.9091951,2,67.9932,10,3.690555556,14.63591263,8.150482454,311
-1.191789027,True,406.3294392,3.9826,66.38,6,1,25,0,1.0,0,28,22,22,1,0,0,5,0,0,172.7649953,0,113.0248,12,2.370714286,18.33769745,11.41008589,312
-1.088043811,True,494.3818687,4.0158,84.84,8,1,31,0,1.0,0,34,26,26,1,0,0,7,0,0,208.4518542,0,134.6628,12,2.495294118,21.98262116,13.56478643,313
2.089905111,True,236.1259884,-1.2052,107.22,6,4,8,0,0.9,0,16,10,10,4,1,0,1,0,0,94.4757324,0,55.5902,5,6.70125,9.372935676,5.33157128,314
0.72427587,True,375.142298,1.899,3.88,0,0,11,1,0.705882353,1,19,17,12,0,0,0,0,0,1,136.3841204,2,78.481,12,0.204210526,14.6476023,7.87306566,315
-2.283996656,True,926.6766537,0.0384,307.44,16,14,45,0,0.956521739,0,64,46,46,12,2,0,0,0,4,383.6348871,0,246.061,12,4.80375,39.47840661,24.70189318,316
0.107209969,True,349.2464378,0.0214,121.46,6,5,14,0,0.941176471,0,24,17,17,5,1,0,0,0,1,144.4708494,0,91.36,10,5.060833333,14.97199875,8.944225836,317
2.301029996,True,332.0905683,-2.0191,109.8,7,0,10,0,0.833333333,0,21,12,12,0,2,0,2,0,0,147.3457846,2,69.8362,4,5.228571429,15.60958064,8.065644009,318
0.929418926,True,320.2198887,0.942,99.38,6,4,10,0,1.0,1,22,16,16,4,0,0,2,0,0,132.6115771,0,82.3072,10,4.517272727,13.72630683,8.505925244,319
0.041392685,True,405.2970126,4.3482,0.0,0,0,18,0,1.0,0,24,22,22,0,0,0,0,0,1,164.8855427,2,107.0624,12,0.0,19.13909667,10.94109629,320
-1.568636236,True,389.350509,3.4761,84.16,5,4,21,0,1.0,0,27,22,22,4,0,0,0,0,1,167.3398041,0,112.9372,16,3.117037037,17.82579736,11.43763655,321
1.198657087,True,292.1885886,0.1634,99.38,6,4,9,0,1.0,1,20,14,14,4,0,0,2,0,0,119.8816928,0,73.0952,8,4.969,12.14895656,7.535294756,322
0.381285373,True,511.2992613,-2.1544,200.61,11,8,17,0,0.956521739,1,35,23,23,8,1,0,2,0,1,206.2644626,0,123.9934,10,5.731714286,20.72399425,12.46124205,323
-0.600326279,True,320.2198887,0.9436,99.38,6,4,11,0,1.0,1,22,16,16,4,0,0,2,0,0,132.6115771,0,82.3292,10,4.517272727,13.56317012,8.535294756,324
1.762678564,True,208.1310737,-1.1219,90.15,5,4,8,0,1.0,0,14,9,9,4,0,0,1,0,0,83.94926818,0,50.8332,5,6.439285714,8.464687386,4.858444733,325
-0.823908741,True,426.2981391,3.8379,66.38,6,1,17,1,0.75,1,30,24,18,1,0,0,5,0,0,182.3623211,0,119.3968,5,2.212666667,19.57603072,10.89690211,326
0.755874856,True,469.2523111,-3.2768,209.4,11,9,15,0,0.95,1,32,20,20,8,1,0,2,0,1,186.9596648,0,110.1321,8,6.54375,18.36256709,11.07774728,327
-1.300000003,True,621.4088117,0.7424,200.61,11,8,24,0,0.903225806,1,43,31,31,8,1,0,2,0,1,256.4943965,0,160.8354,18,4.665348837,26.12133547,16.11107196,328
-1.11577123,True,294.2194948,3.9773,38.69,3,1,13,1,0.666666667,1,21,18,12,1,0,0,2,0,0,128.8320327,0,86.9218,8,1.842380952,13.35128585,8.268404692,329
1.301029996,True,234.1653511,2.8681,37.3,2,1,11,0,1.0,0,15,12,12,1,0,0,0,0,0,96.92210224,0,67.5722,8,2.486666667,10.85838135,7.755385355,330
-0.48148606,True,646.4292128,3.9209,112.53,11,1,32,1,0.823529412,1,45,34,28,1,0,0,10,0,0,271.5794684,0,173.4918,5,2.500666667,28.68833998,16.28365345,331
-0.578396073,True,287.2460439,2.7205,60.77,3,2,14,0,0.9375,0,20,16,16,2,1,0,0,0,1,123.723206,0,82.5956,12,3.0385,13.14938401,8.253302179,332
0.278753601,True,377.2905884,1.3624,69.23,3,1,17,0,0.904761905,0,26,21,21,0,2,1,0,0,1,183.1186331,2,102.0877,16,2.662692308,19.77894035,10.48841675,333
-1.675717545,True,1022.623675,-0.6822,331.9,22,11,54,0,0.9375,0,70,48,48,11,1,0,10,0,0,415.235473,0,254.9358,18,4.741428571,41.87991454,25.16674841,334
0.875061263,True,349.2344124,2.7878,0.0,0,0,14,0,1.0,0,20,18,18,0,0,0,0,0,1,139.4257742,2,88.5944,12,0.0,16.31066954,8.941096285,335
1.477121255,True,435.9556468,0.1144,40.13,2,0,5,0,0.875,0,26,8,8,0,1,1,0,0,0,153.1460323,2,40.744,7,1.543461538,13.48596368,4.992981838,336
2.053078443,True,322.2355388,1.642,66.38,6,1,19,0,1.0,0,22,16,16,1,0,0,5,0,0,134.5753426,0,85.3228,6,3.017272727,14.09505677,8.410085893,337
0.301029996,True,367.300578,3.9681,0.0,0,0,15,1,0.739130435,1,25,23,17,0,0,0,0,0,1,163.7583175,2,108.1994,14,0.0,17.8673533,10.4982265,338
0.812913357,True,306.2042387,0.5535,99.38,6,4,10,0,1.0,1,21,15,15,4,0,0,2,0,0,126.2466349,0,77.7122,9,4.732380952,12.85606334,8.035294756,339
-1.88941029,True,258.2558803,4.4308,40.46,2,2,14,0,1.0,0,18,16,16,2,0,0,0,0,0,113.8018502,0,78.7876,16,2.247777778,12.3712724,8.098030018,340
0.872447648,True,262.2144094,2.389,47.92,4,1,15,0,1.0,0,18,14,14,1,0,0,3,0,0,111.618368,0,72.9188,8,2.662222222,11.86434662,7.255385355,341
1.762678564,True,236.1259884,-1.2052,107.22,6,4,8,0,0.9,0,16,10,10,4,1,0,1,0,0,94.4757324,0,55.5902,5,6.70125,9.372935676,5.33157128,342
-3.795880017,True,339.277344,4.8994,55.4,3,1,15,0,0.9,1,24,20,20,0,2,0,1,0,1,147.6537717,0,97.8187,16,2.308333333,15.61580364,10.1973063,343
0.813247301,True,264.193674,0.4385,90.15,5,4,12,0,1.0,0,18,13,13,4,0,0,1,0,0,109.4090366,0,69.3012,8,5.008333333,11.29311451,6.858444733,344
1.330413773,True,394.2930537,2.2947,75.61,7,1,23,0,1.0,0,27,20,20,1,0,0,6,0,0,165.1486563,0,105.3058,7,2.80037037,17.49486889,10.41928781,345
1.100370545,True,320.2198887,0.942,99.38,6,4,10,0,1.0,1,22,16,16,4,0,0,2,0,0,132.6115771,0,82.3072,10,4.517272727,13.72630683,8.505925244,346
1.056904851,True,327.1561621,1.899,3.88,0,0,11,1,0.705882353,1,19,17,12,0,0,0,0,0,1,129.7530301,2,78.481,12,0.204210526,14.07610055,7.87306566,347
-0.13667714,True,372.1946394,1.1684,83.5,5,0,15,0,0.941176471,0,24,17,17,0,1,0,1,0,0,169.8954278,2,91.1962,16,3.479166667,18.53572475,10.42763357,348
0.397940009,True,512.0690823,4.874,38.69,4,1,15,0,1.0,0,31,14,14,1,0,0,2,1,0,170.779893,0,81.4558,8,1.248064516,16.05884745,9.263301577,349
1.840106094,True,366.2617536,1.6586,75.61,7,1,22,0,1.0,0,25,18,18,1,0,0,6,0,0,152.4187721,0,96.1418,6,3.0244,15.91751862,9.487436162,350
0.146128036,True,861.5198187,-2.8937,321.27,15,14,22,0,0.928571429,4,60,42,42,12,3,0,0,0,3,352.5534825,0,215.071,22,5.3545,35.50404798,22.09414845,351
1.397940009,True,292.1885886,0.1634,99.38,6,4,9,0,1.0,1,20,14,14,4,0,0,2,0,0,119.8816928,0,73.0952,8,4.969,12.14895656,7.535294756,352
1.477121255,True,435.9556468,0.1144,40.13,2,0,6,0,0.875,0,26,8,8,0,1,1,0,0,0,153.1460323,2,40.744,8,1.543461538,13.48596368,4.992981838,353
-0.601028774,True,539.3305614,-1.3742,200.61,11,8,19,0,0.96,1,37,25,25,8,1,0,2,0,1,218.9943469,0,133.2274,12,5.421891892,22.13820781,13.46124205,354
0.447158031,True,556.095297,4.8906,47.92,5,1,18,0,1.0,0,34,16,16,1,0,0,3,1,0,188.6233224,0,92.2748,8,1.409411765,17.8813093,10.34065185,355
0.643452676,True,278.1729386,-0.0349,107.22,6,4,11,0,0.923076923,0,19,13,13,4,1,0,1,0,0,113.5705587,0,69.4412,8,5.643157895,11.49425602,6.83157128,356
-0.698970004,True,446.3243538,3.591,116.45,7,4,18,0,0.958333333,1,31,24,24,4,1,0,2,0,0,187.6926361,0,119.4052,18,3.756451613,19.42116588,12.5084213,357
-0.522878745,True,602.4029981,4.0935,103.3,10,1,34,1,0.8125,1,42,32,26,1,0,0,9,0,0,253.7360389,0,162.6548,8,2.45952381,26.10851882,15.80985658,358
-2.387216143,True,390.2981391,2.4618,99.38,6,4,13,0,1.0,1,27,21,21,4,0,0,2,0,0,164.4362876,0,105.2042,12,3.680740741,17.58811415,10.6788305,359
-2.0,True,478.3869541,4.7794,75.61,7,1,30,0,1.0,0,33,26,26,1,0,0,6,0,0,203.338309,0,133.0778,14,2.291212121,21.57437287,13.48743616,360
-2.314258261,True,360.2875744,3.1009,79.15,5,3,12,0,1.0,1,25,20,20,3,0,0,2,0,0,153.2771118,0,99.1974,12,3.166,16.56355028,10.08224228,361
0.113943352,True,369.2031123,3.0693,3.88,0,0,14,1,0.75,1,22,20,15,0,0,0,0,0,1,148.8478564,2,92.332,15,0.176363636,16.19742089,9.37306566,362
-1.602059991,True,564.3307986,2.0315,112.58,9,0,31,0,1.0,0,37,26,26,0,0,0,5,0,0,248.7951148,2,140.0562,16,3.042702703,26.57664902,15.38253326,363
-1.013228266,True,297.1940083,2.518,72.47,4,1,11,0,0.8125,1,21,16,16,0,3,0,1,0,1,126.3555253,0,79.7407,12,3.450952381,12.98851802,8.108537228,364
1.342422681,True,302.1163891,-0.7805,83.5,5,0,11,0,0.916666667,0,19,12,12,0,1,0,1,0,0,138.0707172,2,68.1332,10,4.394736842,14.83705414,8.123609001,365
