MW,LogP,TPSA,HBA,HBD,RotBonds,NumAromRings,FractionCSP3,NumRings
478.2202826679999,1.7261999999999995,112.91000000000003,9,2,20,2,0.48,2
1565.0266727039993,4.804299999999984,306.35999999999996,32,1,104,0,1.0,0
2445.550967663999,5.136300000000073,490.9600000000003,52,1,164,0,1.0,0
1821.1577464439993,5.899799999999989,360.3500000000001,37,1,118,0,0.9431818181818182,0
2701.6820414039985,6.231800000000137,544.9500000000005,57,1,178,0,0.9609375,0
344.25627425199997,2.5955999999999992,86.99000000000001,5,3,14,0,0.9473684210526315,1
1226.759833768,2.263999999999998,280.81999999999994,26,3,73,0,0.9827586206896551,1
1296.838084088,4.2145000000000055,280.81999999999994,26,3,78,0,0.9841269841269841,1
1308.8380840880002,4.380600000000002,280.81999999999994,26,3,78,0,0.953125,1
4308.5948661280045,3.426000000000134,926.9200000000011,96,3,283,0,0.9949494949494949,1
1837.3287153759993,17.55739999999999,292.9599999999999,28,1,110,0,0.91,1
666.5281985679999,6.380000000000008,103.30000000000003,10,1,37,0,1.0,0
826.63814294,7.206800000000012,130.99000000000004,13,1,46,0,1.0,0
638.4968984399999,5.603000000000008,103.30000000000003,10,1,37,0,1.0,0
624.4812483759998,5.214500000000007,103.30000000000003,10,1,37,0,1.0,0
1122.7852606680003,5.79200000000002,204.82999999999996,21,1,74,0,1.0,0
1136.8009107320001,6.182100000000021,204.82999999999996,21,1,75,0,1.0,0
1356.9319844719998,6.265100000000009,250.9799999999999,26,1,90,0,1.0,0
2457.587353171999,6.680100000000062,481.7300000000003,51,1,165,0,1.0,0
1150.816560796,6.572200000000021,204.82999999999996,21,1,76,0,1.0,0
362.3032244439999,3.9660000000000033,57.150000000000006,5,1,22,0,1.0,0
406.3294391919999,3.9826000000000037,66.38000000000001,6,1,25,0,1.0,0
450.35565393999985,3.999200000000003,75.61000000000001,7,1,28,0,1.0,0
538.4080834359999,4.032400000000004,94.07000000000002,9,1,34,0,1.0,0
582.4342981839999,4.049000000000006,103.30000000000003,10,1,37,0,1.0,0
626.4605129319999,4.065600000000006,112.53000000000003,11,1,40,0,1.0,0
670.48672768,4.082200000000008,121.76000000000003,12,1,43,0,1.0,0
758.539157176,4.115400000000011,140.22000000000003,14,1,49,0,1.0,0
1242.827519404,4.298000000000004,241.74999999999991,25,1,82,0,1.0,0
1991.2731701199987,4.580200000000004,398.66000000000014,42,1,133,0,1.0,0
1368.9319844719996,6.431200000000009,250.9799999999999,26,1,90,0,0.9705882352941176,0
477.2134230759999,0.8399000000000028,123.58000000000001,9,1,21,0,0.8,0
372.158253928,1.3637000000000006,84.89,6,0,16,0,0.75,0
718.357407228,0.9721000000000071,149.50000000000003,13,0,37,1,0.8181818181818182,1
718.357407228,0.9721000000000071,149.50000000000003,13,0,37,1,0.8181818181818182,1
372.158253928,1.3637000000000006,84.89,6,0,16,0,0.75,0
258.21949482,2.7445000000000017,49.69,3,2,13,0,1.0,1
538.4080834359999,4.032400000000004,94.07000000000002,9,1,34,0,1.0,0
378.29813906399994,3.202400000000002,66.38000000000001,6,1,23,0,1.0,0
466.3505685599999,3.235600000000004,84.84000000000002,8,1,29,0,1.0,0
290.245709568,3.0235000000000016,47.92,4,1,15,0,1.0,0
422.3243538119999,3.073300000000002,75.61000000000001,7,1,24,0,1.0,0
524.3924333719998,4.191800000000004,94.07000000000002,9,1,31,0,1.0,0
612.4448628679999,4.225000000000007,112.53000000000003,11,1,37,0,1.0,0
656.4710776159999,4.241600000000008,121.76000000000003,12,1,40,0,1.0,0
876.602151356,4.3246000000000135,167.91,17,1,55,0,1.0,0
1583.0008518799996,4.826899999999987,324.82,34,1,103,0,1.0,0
420.3450892559999,4.227000000000005,66.38000000000001,6,1,24,0,1.0,0
480.3662186239998,4.175200000000004,84.84000000000002,8,1,28,0,1.0,0
568.4186481199998,4.208400000000006,103.30000000000003,10,1,34,0,1.0,0
744.523507112,4.274800000000009,140.22000000000003,14,1,46,0,1.0,0
2023.2629993599987,4.992899999999998,417.1200000000002,44,1,133,0,1.0,0
1122.7852606680003,5.79200000000002,204.82999999999996,21,1,74,0,1.0,0
1342.9163344079998,5.875000000000005,250.9799999999999,26,1,89,0,1.0,0
388.3301078879999,2.7168000000000014,82.03,5,3,21,0,0.9523809523809523,0
396.27231823999995,1.975500000000001,84.84000000000002,8,1,21,0,1.0,0
714.512942428,4.09720000000001,130.99000000000004,13,1,45,0,1.0,0
846.5915866720001,4.147000000000013,158.68,16,1,54,0,1.0,0
582.4342981839999,4.047400000000006,103.30000000000003,10,1,36,0,1.0,0
1297.6736752179995,2.8680000000000185,282.4,22,5,62,4,0.6307692307692307,4
1228.5713137179998,3.1513000000000218,217.26999999999995,19,1,59,4,0.6129032258064516,4
502.2906843339999,3.191900000000003,122.14000000000001,8,2,27,0,1.0,0
400.3301078879999,3.663500000000003,63.52000000000001,6,1,21,0,0.9545454545454546,1
540.2465659819999,2.1791000000000014,117.54000000000002,9,0,28,0,1.0,0
544.3376345259998,4.362200000000005,122.14000000000001,8,2,30,0,1.0,0
1201.5855153119999,7.678600000000021,250.60999999999999,20,1,56,4,0.5161290322580645,4
544.3376345259998,4.362200000000005,122.14000000000001,8,2,30,0,1.0,0
2375.6335155159986,11.07420000000004,448.35000000000025,45,3,129,0,1.0,0
444.21576880399994,3.694200000000003,95.97,7,0,17,0,0.9,0
444.21576880399994,3.694200000000003,95.97,7,0,17,0,0.9,0
508.3975187519999,4.405900000000004,84.84000000000002,8,1,32,0,1.0,0
596.4499482479998,4.439100000000007,103.30000000000003,10,1,38,0,1.0,0
1935.3713680359995,11.173799999999975,345.05,35,2,100,0,1.0,0
7086.760089895987,30.248000000000147,1284.7400000000018,138,1,413,0,1.0,0
3822.560808532003,15.604700000000147,703.2500000000007,75,1,224,0,1.0,0
2109.184749039998,6.765499999999976,519.0400000000003,43,1,92,0,0.8725490196078431,0
7708.643760055988,101.68630000000098,999.0200000000006,50,30,249,48,0.3956262425447316,48
460.3036183679999,1.3690000000000015,95.84000000000002,8,2,20,0,1.0,3
538.4080834359999,4.032400000000004,94.07000000000002,9,1,34,0,1.0,0
795.60717716,5.4765000000000095,136.00000000000003,13,2,50,0,0.9523809523809523,0
845.6075710840001,3.409700000000012,163.69,16,2,54,0,1.0,0
707.5547476639999,5.443300000000009,117.54000000000002,11,2,44,0,0.9473684210526315,0
487.4236739239999,5.360300000000007,71.39000000000001,6,2,29,0,0.9285714285714286,0
619.5023181679999,5.410100000000007,99.08000000000001,9,2,38,0,0.9411764705882353,0
795.60717716,5.4765000000000095,136.00000000000003,13,2,50,0,0.9523809523809523,0
927.6858214040001,5.526300000000014,163.69,16,2,59,0,0.9583333333333334,0
1147.8168951440002,5.60930000000002,209.83999999999995,21,2,74,0,0.9655172413793104,0
396.2875743799999,4.400600000000004,57.150000000000006,5,1,20,1,0.7391304347826086,1
660.4448628679999,4.500200000000006,112.53000000000003,11,1,38,1,0.8285714285714286,1
748.4972923639999,4.533400000000007,130.99000000000004,13,1,44,1,0.8461538461538461,1
660.4448628679999,4.5002000000000075,112.53000000000003,11,1,38,1,0.8285714285714286,1
660.4448628679999,4.500200000000006,112.53000000000003,11,1,38,1,0.8285714285714286,1
748.4972923639999,4.533400000000007,130.99000000000004,13,1,44,1,0.8461538461538461,1
792.523507112,4.550000000000009,140.22000000000003,14,1,47,1,0.8536585365853658,1
924.602151356,4.599800000000013,167.91,17,1,56,1,0.8723404255319149,1
1100.7070103480003,4.666200000000018,204.82999999999996,21,1,68,1,0.8909090909090909,1
1232.7856545920001,4.7160000000000135,232.51999999999992,24,1,77,1,0.9016393442622951,1
1540.9691578279994,4.832199999999992,297.12999999999994,31,1,98,1,0.92,1
1540.9691578279994,4.832199999999992,297.12999999999994,31,1,98,1,0.92,1
1981.2313053079986,4.9981999999999855,389.4300000000001,41,1,128,1,0.9368421052631579,1
4622.804190188005,5.994200000000133,943.2300000000012,101,1,308,1,0.9720930232558139,1
1540.9691578279994,4.832199999999992,297.12999999999994,31,1,98,1,0.92,1
660.4448628679999,4.500200000000006,112.53000000000003,11,1,38,1,0.8285714285714286,1
1060.575936608,7.801300000000018,158.68,16,1,51,4,0.5,4
378.29813906399994,3.0583000000000022,66.38000000000001,6,1,22,0,1.0,0
5355.561266488,20.781300000000147,989.3800000000012,106,1,317,0,1.0,0
